,MSE,RMSE,MAE,SMAPE
naive,11802762.348547718,3435.514859311151,2313.5601659751037,23.936178608891527
mean,21938049.934379473,4683.807205082151,3367.5347312342064,43.91869257882737
seasonal naive,16435069.404958678,4054.0189201530225,2003.0826446280992,31.466658598643637
SARIMAX,2952048.738964187,1718.15271118844,1020.7669883538283,33.57310547146894
