,flights_number_7days_before,flights_number_7days_after,flights_7days_change (in %),passengers_number_7days_before,passengers_number_7days_after,passengers_7days_change (in %)
Vanuatu,26.79237288135593,29.347408829174665,9.536430233832379,3028.1906779661017,2553.8042226487523,-15.665673194528598
Solomon Islands,7.1992481203007515,2.6366782006920415,-63.375644836340314,935.9398496240601,386.3667820069204,-58.71884478878502
Papua New Guinea,454.92857142857144,465.11877394636014,2.2399565905015177,34249.642857142855,32915.45466155811,-3.8954806073444748
Fiji,287.9240506329114,67.41751269035532,-76.58496657637356,26749.3417721519,6948.908629441625,-74.0221322504617
