,MSE,RMSE,MAE,SMAPE
naive,130146.04895104896,360.7576041486152,273.0839160839161,19.60513293563377
mean,373388.93282214506,611.055588978732,428.78057484567904,28.51049820822407
seasonal naive,719201.125,848.0572651655076,537.375,42.21003841254631
SARIMAX,81169.10033091171,284.9019135262375,201.11708036053278,14.616283267356259
