,MSE,RMSE,MAE,SMAPE
mean,12190296.604444446,3491.4605259754044,3125.8903703703695,130.88810872410423
naive,1298620.8863636365,1139.5704832802737,677.4772727272727,53.868244535141926
ratio,522059.18438949157,722.5366318668498,403.15921699062983,41.45494560318357
