,MSE,RMSE,MAE,SMAPE
naive,2096767.444530669,1448.0219074760812,1092.75956284153,23.272615734893908
mean,16396562.096405521,4049.266859124689,3178.6487567253157,51.7169720027922
seasonal naive,11237042.716780294,3352.1698520182854,2405.9352006688964,56.50947437632576
SARIMAX,1826281.5484097756,1351.3998477170906,947.4673731238562,21.701882636388888
