,MSE,RMSE,MAE,MAPE
naive,2096767.444530669,1448.0219074760812,1092.75956284153,323.3923244197455
mean,16396562.096405521,4049.266859124689,3178.6487567253157,8859.425305087036
seasonal naive,11237042.716780294,3352.1698520182854,2405.9352006688964,8120.9930376201855
scaled logit,1665192.0143757283,1290.4231919706529,956.5163903695574,47.33084401350129
original,2194218.3248861637,1481.2894129393364,1096.9415694914217,994.4200347669362
