,MSE,RMSE,MAE,SMAPE
mean,22738342.409951326,4768.473803005667,4264.861005949161,156.56645912232986
naive,2446383.261904762,1564.0918329512376,808.452380952381,45.1533595086217
ratio,642113.3933954792,801.3197822314629,497.35497158977546,128.02375162884684
