,MSE,RMSE,MAE,SMAPE
mean,22738342.409951326,4768.473803005667,4264.861005949161,156.56645912232986
naive,2446383.261904762,1564.0918329512376,808.452380952381,45.1533595086217
ratio,668645.9826097568,817.7077611284833,520.1569200587928,128.0019193248917
