,MSE,RMSE,MAE,SMAPE
naive,2915180.022421525,1707.3898273158138,1292.8295964125562,20.537446964215505
mean,11252176.556421395,3354.4264124319966,2628.5207270408164,47.76719417309945
seasonal naive,8396013.22767857,2897.5874840422975,1568.424107142857,34.617696308983554
SARIMAX,1238855.0517799691,1113.0386569117754,795.6074547746442,35.718701996316845
