,MSE,RMSE,MAE,MAPE
naive,130146.04895104896,360.7576041486152,273.0839160839161,281.1407233017763
mean,373388.93282214506,611.055588978732,428.78057484567904,949.0167102287912
seasonal naive,719201.125,848.0572651655076,537.375,1173.239233708473
scaled logit,105455.08973278222,324.7384943809129,239.16929841665828,28.342796848234208
