,MSE,RMSE,MAE,SMAPE
mean,47473918.62913582,6890.131974725579,6027.062716049381,155.5379528285784
naive,7970104.113636363,2823.1372821094556,1518.7954545454545,49.120902469030405
ratio,2107650.7830579677,1451.775045610706,763.9905966100329,131.10853692572326
