,MSE,RMSE,MAE,SMAPE
mean,1290166.5815972222,1135.8550002518905,1065.2152777777778,100.96938750046638
naive,172126.73913043478,414.881596519338,268.4782608695652,46.83510564623054
ratio,48753.42602714412,220.80177994559764,150.2324416167959,26.61440303363732
