,MSE,RMSE,MAE,SMAPE
naive,130146.04895104896,360.7576041486152,273.0839160839161,19.60513293563377
mean,373388.93282214506,611.055588978732,428.78057484567904,28.51049820822407
seasonal naive,719201.125,848.0572651655076,537.375,42.21003841254631
SARIMAX,87084.32401621895,295.10053205004385,213.14227693104007,15.277421537875657
