,MSE,RMSE,MAE,MAPE
ratio_method,70428.01780301121,265.38277601044723,182.76700263630877,35.51605893444443
varma_method,27827049.651808914,5275.135036357734,4557.253162900314,22551.73770353215
mean_method,1290166.5815972222,1135.8550002518905,1065.2152777777778,4290.974992037345
naive_method,172126.73913043478,414.881596519338,268.4782608695652,1671.9382109262122
