,MSE,RMSE,MAE,MAPE
naive,664073.2377622378,814.906889013854,508.35664335664336,1179.1934795034083
mean,373388.93282214506,611.055588978732,428.78057484567904,949.0167102287917
seasonal naive,316737.125,562.7940342612029,366.68055555555554,285.23693318670615
scaled logit,118379.21863463213,344.06281204837023,256.55633593271597,381.26782031659434
