,MSE,RMSE,MAE,SMAPE
mean,13687466.260387812,3699.657586910958,3432.540166204986,154.2979821763794
naive,1776517.8918918918,1332.8607923905226,647.9459459459459,63.76425488544748
ratio,892566.0246387642,944.757124682722,414.52495530071917,98.31838116168076
