,MSE,RMSE,MAE,SMAPE
naive,2543521.804195804,1594.8422505676867,1043.8741258741259,35.445486157635656
mean,4529700.2978395065,2128.3092580354732,1637.9783950617284,53.52823004601597
seasonal naive,4760284.486111111,2181.8076189506514,1256.8194444444443,53.73023008912177
SARIMAX,698600.2456225136,835.8230946931974,546.8858995921476,29.80138741774001
