,MSE,RMSE,MAE,SMAPE
naive,6627789.544827586,2574.4493673070338,1881.9172413793103,43.665477915578364
mean,8416697.899840495,2901.1545804800708,2238.2209607806344,55.34347876302377
seasonal naive,11613641.0,3407.879252555759,2355.5890410958905,64.67460433695449
SARIMAX,3866081.777170617,1966.235432792985,1332.350475382331,39.00005142618337
