,MSE,RMSE,MAE,SMAPE
mean,7898677.876543211,2810.458659461692,2511.586419753087,147.55207753129025
naive,1045460.7428571428,1022.477746876255,597.2571428571429,69.55637261152444
ratio,203622.901860144,451.24594387112666,258.52390213815187,87.3459135783268
